region_id,estimation_id,name,time
992,0,memory,3.235294117647059e-08
756,0,memory,0.0068353352941176474
