region_id,estimation_id,name,time
705,0,memory,3.235294117647059e-08
551,0,memory,1.7470588235294117e-06
